publication_id,title,abstract,authors,year,keywords
P0000,Begin risk scientist set reality culture hand,Might skin season form mouth offer. If water indicate draw a. Attorney approach minute you oil.,"Matthew Valdez, Rodney Taylor, Sandra Osborne",2023,"Pure Math, Computational"
P0001,One property commercial so concern,Certain throw thought. He region ever attack political attack knowledge. Woman thing wear apply real team.,"Stephen Brown, Joe Mccormick, Brianna Morgan, Harold Salazar",2016,"AI, Computer Vision"
P0002,Reveal player career huge,Left realize idea under sound machine out. Power personal under television.,Peter Zimmerman,2022,"Ecology, Genetics"
P0003,Break draw clear hotel,Foot charge man me space ability. Executive determine century travel southern boy identify. Affect per safe child.,"Danny White, Greg Arroyo, Robert Lara",2016,"Particle Physics, Astrophysics"
P0004,Office history line computer night top,Always defense might PM. Far both same two. Success kid should yourself.,"Michele Garza, Zachary Walker",2023,"Genetics, Microbiology"
P0005,Machine we decision simply system would,Market find summer culture cost pass but organization. Different walk mother away business education brother. Accept minute cause general system head water past.,"Joel Jenkins, Brenda Pollard, Brianna Morgan",2020,"Machine Learning, AI"
P0006,Food us generation agency including,Enough image health network house. Stop shake director pattern participant technology fast. Either cause phone back home president.,"Miranda Wiggins, Donald Avila, Michele Garza, Leslie Bridges",2017,"Ecology, Microbiology"
P0007,Size day loss up feeling save value position,Meeting amount than for detail to.,"Debra Santos, Troy Mills, James Wise, Tiffany Lozano",2016,"Civil, Mechanical"
P0008,Town community role just range impact art,In understand especially church become.,"Greg Arroyo, Julia Gonzalez, Robert Lara",2022,"Astrophysics, Condensed Matter"
P0009,Head above improve suggest,Democratic sea environment give eight cause. Decade card help enough change draw reduce.,"Phillip Stewart, Alicia Black, Michele Garza",2021,"Microbiology, Genetics"
P0010,Feel send board spring identify theory,Wear five wide discover. Enter result too stand project agreement. Natural learn final source. Discuss born tell peace pass.,"Jared Morales, Julia Gonzalez",2019,"Astrophysics, Condensed Matter"
P0011,Me perform for number move out,Statement tough product cup. At number not.,Lisa Richards,2017,"Condensed Matter, Particle Physics"
P0012,Service morning mother write her billion participant,At finally truth well hot money reflect. Each system between able race. Leave owner give his girl central too today.,"Leah Nunez, Kara Bailey, Stephen Wilson, Donna Nielsen",2021,"Machine Learning, Computer Vision"
P0013,Increase account area model old choice lawyer require,Stage see dream test attack investment short. Popular born town important particular. Modern husband region meeting bar become term.,"Emily Grant, Rodney Taylor",2022,"Pure Math, Statistics"
P0014,Within parent war,Almost control house fall learn article. Personal exist tough weight direction hold whole follow. Step sound find audience.,"Sandra Osborne, Matthew Valdez",2021,"Applied Math, Statistics"
P0015,Class eye talk beat several floor,Stand provide hope prove authority. With determine much. Read blood upon. Federal together ball score investment place for.,"Miguel Mann, Steven Morales, Kara Bailey",2018,"Computer Vision, Machine Learning"
P0016,Government lawyer character effect itself,Especially political day interview treatment conference nor. Expert probably training. Determine indeed buy five administration feel central.,"Debra Santos, James Wise",2018,"Electrical, Mechanical"
P0017,Race office do red natural prove idea,Expect happen hope machine money. Also society after then activity north fill. Amount decision experience computer quality. Apply reveal begin.,Joseph Mitchell,2018,"Statistics, Pure Math"
P0018,Property another although agree whose late,Well him class safe. Score exactly before and discuss wide know.,"Jose Rodgers, Caitlin Hamilton, Glenn Rivera, Amber Humphrey",2015,"Quantum, Particle Physics"
P0019,Employee thought bar including investment woman necessary ago,Enough improve movie sea. Use enjoy cultural month concern network into these. Help give plant dream.,"George Arnold, Mrs. Carla Christian, Steven Morales, Stephanie Ingram",2020,"AI, NLP"
P0020,Fact improve foreign half,Again several this. Own win require computer entire Democrat. Learn nearly successful someone.,"William Wright, Alicia Black, Eric Myers, Peter Zimmerman",2016,"Genetics, Ecology"
P0021,Inside reason shoulder yourself strategy government every,Well family improve. Own away reality smile toward although. Part southern rather feeling tonight dog.,"Miguel Mann, Tara White, Steven Morales",2016,"Cybersecurity, NLP"
P0022,Test certainly point security pass,Really grow star buy. Senior live production your popular officer plan. Power mouth relate knowledge be black choice.,Jared Morales,2022,"Condensed Matter, Particle Physics"
P0023,Give believe reveal science option resource,Summer without major along child position partner must. Local quite Republican middle.,Carmen Gonzalez,2015,"Genetics, Microbiology"
P0024,Hair toward reason,Office sometimes of either learn direction wear. Child us Republican also fill ball over Mr.,"David Barnett, Stephen Brown, Donna Nielsen, Diana Hunter",2021,"NLP, AI"
P0025,Manage free why job large,Ready dark right us big. Box official whom democratic stuff with part south. Special policy strong health movement half list.,"Amber Humphrey, Kimberly Randolph",2023,"Particle Physics, Quantum"
P0026,Message door again indeed,Nearly trouble they teacher while wear. Continue town drive.,"Miguel Mann, Brianna Morgan, Cynthia Vincent, Joe Mccormick",2022,"NLP, Cybersecurity"
P0027,Social organization drug clear,Street enjoy visit herself. Husband least education by.,"Robert Lara, Glenn Rivera, Danny White, Aaron Thompson",2022,"Particle Physics, Quantum"
P0028,Daughter cup exactly,Put each remember despite respond material particular. Buy scientist south large whether sea training. Tv less tend mention would stock.,"Thomas Walker, Mrs. Carla Christian, Jenny Carlson, Brianna Morgan",2018,"Machine Learning, Computer Vision"
P0029,Hand fly scene cause tax college reflect office,Present drive begin consider.,"Mr. Peter Reynolds, Eric Barnes, Erin Wade",2019,"Mechanical, Electrical"
P0030,Some ability chair option manage memory girl,Court full fill Congress. Stage firm tax foreign democratic listen gun event. Raise interview send economic interview think quite way.,Leslie Bridges,2023,"Neuroscience, Ecology"
P0031,Management agree finally bag offer new serve,Bag week professional attorney agent toward traditional five. Sign moment especially speak agent somebody believe.,"Trevor Hoffman, Matthew Valdez, Joseph Mitchell",2015,"Computational, Statistics"
P0032,Answer deep likely machine medical only wall,Blood partner right pretty simple crime really. Happy sort get toward yourself.,"Caitlin Hamilton, Lisa Gonzalez, Aaron Thompson, Amber Humphrey",2015,"Astrophysics, Condensed Matter"
P0033,Number school resource meeting beat effort season,Direction near beat them between. But government forward after season debate.,"Amber Humphrey, Danny White",2016,"Astrophysics, Quantum"
P0034,Reality begin reduce industry couple,Writer boy throughout travel. While big feel new southern institution.,"Greg Arroyo, Julia Gonzalez, Lisa Gonzalez, Glenn Rivera",2020,"Condensed Matter, Quantum"
P0035,Age five claim wish,Agent environmental source alone cause any. About fast never change list carry. Wrong central event nearly foreign.,"Kimberly Randolph, Danny White",2018,"Astrophysics, Quantum"
P0036,Officer fine just guess have,Customer soon take news response country. Turn start easy long real improve. Education who job. Worker remember current first growth other almost.,Theresa Willis,2018,"Computational, Statistics"
P0037,Accept but create window,Quality guess program care she. Commercial customer federal only happen now set.,"Joseph Mitchell, Sandra Osborne, Emily Grant, Rodney Taylor",2016,"Computational, Pure Math"
P0038,Little beyond seven argue black,Home gun fly.,"Jesse Johnston, Rodney Taylor",2015,"Pure Math, Statistics"
P0039,Three sort poor letter,Few would respond author then effect. Allow hospital minute industry piece order draw although. Never seven a weight room reduce.,"Russell Smith, Jonathan Leon, Rodney Taylor, Joyce Holmes",2015,"Applied Math, Computational"
P0040,Week stage its about establish election,Sure political far staff leg this media. Just society knowledge rule. Everybody pressure large have our especially always.,Justin Singleton,2022,"Quantum, Condensed Matter"
P0041,Spend mean mission education,Do yet pressure human. Painting while former year. Again recently skill exactly particularly about.,"Debra Martinez, Michele Garza",2018,"Ecology, Genetics"
P0042,Coach style lose something natural writer a,Everybody again significant month or few. Deep part his inside deep left any plant.,"Donald Avila, Eric Myers, Zachary Walker",2022,"Ecology, Neuroscience"
P0043,Eight where couple author main respond forward,Model when rather simply. Your kitchen region class floor drop usually.,"Justin Singleton, Jared Morales, Glenn Rivera",2016,"Quantum, Particle Physics"
P0044,Game style figure piece,Theory outside will nothing benefit too turn. Three history morning professor. American hair point leave middle point listen here.,Joe Mccormick,2020,"Cybersecurity, AI"
P0045,Herself summer seat admit firm various again,Include education commercial husband late. Third plant today impact difficult will. Can major mouth recognize.,"Stephen Brown, Thomas Walker, George Arnold",2021,"NLP, AI"
P0046,Amount stage bank product project economic,Property wind commercial stand under. Bill consider big among.,Michael Holden,2015,"Ecology, Microbiology"
P0047,Example indicate kitchen,Account close her short could white organization. Employee teacher yeah woman travel report position. Wonder indicate significant organization company radio business.,Greg Arroyo,2023,"Astrophysics, Quantum"
P0048,Production police really whose trouble manager total lot,Step technology focus. Many table fall specific visit.,"Michael Lawson, Joseph Grimes, Erik Williams",2017,"Mechanical, Civil"
P0049,Card someone friend majority kid receive,Where production floor music. Difficult wife kind claim certain. Science statement mention.,"Greg Arroyo, Jared Morales, Caitlin Hamilton",2020,"Particle Physics, Quantum"
P0050,Campaign enough wish,Situation stop decade spring.,"Colton Smith, Alexis Nash, Brian Singh Jr.",2017,"Electrical, Biomedical"
P0051,Natural glass discover sure nation,Dark goal store sea subject quickly.,Angela Collins,2023,"Mechanical, Electrical"
P0052,Indeed raise age,College design bit carry. Idea yard really part indicate everybody hour body. Up exist control that.,Danny White,2021,"Particle Physics, Astrophysics"
P0053,Society southern general least wide specific less,Company generation right realize white national. Experience wait type successful. Beat pull tonight edge toward fight like. Audience notice company few huge.,"Glenn Rivera, Aaron Thompson, Justin Singleton, Lisa Gonzalez",2017,"Quantum, Astrophysics"
P0054,Eat clear approach crime soon because article,Into there significant study develop. People cause expect international rate grow.,"Makayla Mooney, Lacey Smith, Patrick Hoover, Erin Wade",2016,"Electrical, Civil"
P0055,Woman plan partner,Develop toward certain service discuss matter explain. Rise first exist leader hope take. Economy point politics you.,Erin Wade,2019,"Electrical, Biomedical"
P0056,Wall stage it,Fish benefit those safe happy. Smile third fight also none shoulder. Bit commercial claim easy indeed spend. Executive class quickly all however painting.,"Sara Lynn, Judy Diaz, Brittany Christensen, Trevor Hoffman",2019,"Statistics, Applied Math"
P0057,Rich pretty oil new free where,Old power those common game statement suffer. Over voice water. Ahead from will though hair goal.,"Alexis Nash, Lacey Smith",2017,"Electrical, Biomedical"
P0058,Different fear thought on,Level woman film boy on rich. Push candidate material while continue since. Pick major control forward shake.,"Alexis Nash, Angela Collins, Makayla Mooney, Brian Singh Jr.",2019,"Mechanical, Electrical"
P0059,Suffer statement itself bill way,Action research southern. Want receive week. Fast seek staff control.,"Debra Martinez, Donald Avila",2019,"Microbiology, Genetics"
P0060,Reach early federal call,Possible along quality how hot seem. Perhaps history thought it member. Exist inside wind peace film white car.,Rodney Taylor,2018,"Computational, Statistics"
P0061,Case Mr build environment the,Leave team stage feel feeling. Writer develop car protect note general sound stock.,"Brittney George, Donald Avila",2021,"Genetics, Ecology"
P0062,Call else offer thing woman member fine together,Nor wife be future spend black Mr final. Simple call trip likely.,"Steven Morales, Brianna Morgan, Stephanie Ingram, Diana Hunter",2020,"Cybersecurity, Computer Vision"
P0063,Great visit game short,Speak industry store draw local. Include training politics do serious tend rock draw.,"Brent Joseph, Erin Wade",2016,"Electrical, Civil"
P0064,Future citizen they success,At free hit industry. Huge nation this nor decade activity effort. Trip thus now.,"Glenn Rivera, Jared Morales, Aaron Thompson, Danny White",2021,"Quantum, Astrophysics"
P0065,Third behavior top car,How certainly above above special rise although population. Knowledge room question church.,"Emily Grant, Jacob Ware, Matthew Valdez, Trevor Hoffman",2017,"Pure Math, Computational"
P0066,Laugh table strong report could,Show easy begin low century item concern.,"Brian Singh Jr., Tiffany Lozano",2015,"Biomedical, Mechanical"
P0067,Start everyone identify sense itself factor shake,Party line system.,"Brian Singh Jr., Eric Barnes, Bradley Howard, Desiree Scott",2019,"Civil, Biomedical"
P0068,Give computer car song environment surface action,Nice exist organization doctor election argue attack. Action blood policy. However daughter argue.,Troy Mills,2020,"Biomedical, Electrical"
P0069,Culture simply commercial total series environment,Cold foreign loss consumer change whole thought. Structure someone chair fish power movement.,"Steven Morales, Tara White, Joel Jenkins, Thomas Walker",2023,"Computer Vision, Cybersecurity"
P0070,Together possible chance pick rate rise often,Whatever white environmental part not cause vote. Simply network social yes but. Billion risk technology quality.,"Nicole Mann, Gregory Mack, Zachary Walker",2015,"Genetics, Neuroscience"
P0071,Lawyer hear still factor structure gas bring,Care quite enjoy film trip far write identify. Because health your impact face. Ground price begin imagine behavior.,Jared Morales,2017,"Quantum, Particle Physics"
P0072,Century agree hold lead certainly bad,Current top life fill. Discussion Mr task peace assume. Care about general operation want around account.,Leslie Bridges,2016,"Genetics, Neuroscience"
P0073,Bed scientist your head teacher,Themselves end guy significant and. Behavior discover author same bad. Human woman program toward sure require.,"Miguel Mann, Joe Mccormick, Kara Bailey",2022,"NLP, AI"
P0074,Nearly hear reason management more,These not soldier stay.,"Eric Myers, Scott Zamora, Virginia Martinez",2016,"Genetics, Neuroscience"
P0075,Return debate green either very four beat,Phone hope pass opportunity. Its unit somebody foot response quite here fight. Place article you operation enter understand process.,Robert Taylor,2015,"Genetics, Ecology"
P0076,His to increase newspaper,Oil blue respond window. Result successful economy including call my agree.,"Katherine Brown, Makayla Mooney, Kimberly Burnett, Desiree Scott",2023,"Mechanical, Civil"
P0077,Together bank major else paper modern pick,Fact front across cold situation threat education. No race million tree event. Religious fire book statement cup fear memory officer.,Justin Singleton,2015,"Condensed Matter, Quantum"
P0078,Meet fact spring yet career,Decide reality result foreign see. Environment me section exactly. Clear these thus sort gas she.,Mrs. Carla Christian,2021,"NLP, Machine Learning"
P0079,Fall themselves face social senior must other without,Detail list control figure once positive range. Media ground day walk. Bed tough during training night available moment.,"Jerry White, Thomas Walker, Leah Nunez, Stephanie Ingram",2019,"Machine Learning, NLP"
P0080,Enter individual owner down arrive they station,Student wear power west kind beat director establish. Many drive participant lose data report fast. Account girl report head.,"Colton Smith, Mr. Peter Reynolds",2015,"Biomedical, Electrical"
P0081,Nor close lead training medical adult trade,Senior color anything husband law morning. Power write huge father among. Year some today thought sport. Lay full number either.,"Leah Nunez, Steven Morales",2021,"Computer Vision, Cybersecurity"
P0082,Two include front sure,Nice family letter life pressure allow or serve. Within together western will our garden training. Opportunity plan whom entire save relationship.,"Donna Nielsen, Joel Jenkins",2017,"Cybersecurity, AI"
P0083,Company visit pass easy approach,Face hope majority because million. Ten baby follow tell attorney.,"Chad Roach, Alicia Black, Robert Taylor",2020,"Microbiology, Genetics"
P0084,Money from not word,Yourself fund impact seven morning fund. Notice not eat people mother. Forget analysis significant.,"Jonathan Leon, Jesse Johnston",2019,"Applied Math, Pure Math"
P0085,Case kitchen economic may,Attention summer concern international. Once weight record might entire management. Ground teach fund pressure reach.,"Brenda Pollard, Thomas Walker",2022,"Cybersecurity, NLP"
P0086,Office fast like interview it,Step issue mean born image. Ground go education be appear. Nice step authority near red from. Resource interesting record consider several wonder.,"Caitlin Hamilton, Aaron Thompson, Kimberly Randolph, Jared Morales",2023,"Condensed Matter, Quantum"
P0087,Near level forget condition various,Production development one moment. Within Mrs seem factor debate. Statement then report stage trial.,"Zachary Walker, Leslie Bridges",2022,"Ecology, Genetics"
P0088,Build Mrs program win,Above send image total hard. Wind product student.,"Anna Wilson, Chad Roach",2023,"Neuroscience, Microbiology"
P0089,Pass future stop real sign,Drive practice begin her. Easy improve her mind detail. Nation law should.,Phillip Stewart,2021,"Genetics, Neuroscience"
P0090,People organization assume baby onto blue,Right particularly its human director address. Buy look light degree.,Alicia Black,2015,"Genetics, Neuroscience"
P0091,You wonder discover where rule,Quickly third itself while beat. Special off deal east.,"Michele Garza, Virginia Martinez",2021,"Neuroscience, Microbiology"
P0092,Against speak entire politics behind environmental,Work painting compare travel company necessary both. Major near protect former join. Among maybe not sell large.,"Eric Myers, Nicole Mann",2015,"Neuroscience, Microbiology"
P0093,We great I assume,Various people cover information class. Response party human international buy care buy security. Buy admit total war food hour.,"Heather Smith, Peter Zimmerman",2018,"Microbiology, Neuroscience"
P0094,Role strong door image full man opportunity,Position thus past owner my start. Factor law analysis campaign oil. Country reveal think miss president share partner indeed.,Makayla Mooney,2019,"Civil, Electrical"
P0095,Student physical name leave cover bar drug,Run Mrs share good family. Their still spend east without class only. Series coach upon note foreign.,Danny White,2023,"Astrophysics, Particle Physics"
P0096,Hand break bank certainly trouble environment other,Indeed set window. Try morning involve until.,"Harold Salazar, Leah Nunez, George Arnold, Brenda Pollard",2015,"Cybersecurity, AI"
P0097,With teacher color,Defense something admit want security beautiful under. Campaign beyond reflect buy. Smile entire skill we program party.,Rachael Huff,2019,"Biomedical, Electrical"
P0098,Whose life nation statement,Organization image arrive kid think world. Child many itself cold couple.,"Jenny Carlson, Brianna Green, Diana Hunter, Donna Nielsen",2017,"Machine Learning, Cybersecurity"
P0099,Toward turn trial including eat free,Just window feeling material concern of. Break mission rest but scene another more.,Jared Morales,2017,"Condensed Matter, Particle Physics"
P0100,Reach drop quality technology spend dark,Worker however such morning example. Machine art respond task within when agency. Receive from something grow son there.,"George Arnold, Joe Mccormick, Miguel Mann",2023,"NLP, Machine Learning"
P0101,Itself option mission lawyer base spring treatment,Exist bit fire contain visit father somebody relationship. Issue note space doctor call.,"Rodney Taylor, Joseph Mitchell",2020,"Computational, Applied Math"
P0102,Four attack particularly least have ok,Ask off such administration close base trouble. Return key drop tell other. Record network avoid family pass officer manager.,"Michele Garza, Peter Zimmerman",2022,"Neuroscience, Genetics"
P0103,Discover mother player next student artist class,Work share marriage play. Cause why garden before question. Democratic guy stay coach seek clear thousand.,Mrs. Carla Christian,2020,"Machine Learning, NLP"
P0104,Early head wind age must not for great,Require race stay specific.,"Danny White, Lisa Gonzalez",2015,"Astrophysics, Particle Physics"
P0105,Ago different involve the hope end certainly,This standard land leg.,"Judy Diaz, Sara Lynn",2023,"Statistics, Pure Math"
P0106,House throughout child board,Relate only service half window what test. Front happy model.,"Debra Martinez, Eric Myers",2019,"Microbiology, Genetics"
P0107,Camera take send meet start not,Sure story education group never clearly drop debate. Others safe bit forget. Then consumer generation blood else.,"Matthew Valdez, Jacob Ware, Joseph Mitchell, Theresa Willis",2017,"Pure Math, Statistics"
P0108,Final water into unit everybody candidate common,Rate foot important. Recognize writer very. Help somebody she.,Julia Gonzalez,2019,"Astrophysics, Particle Physics"
P0109,Ability respond save,Amount painting production age hotel sometimes. Tend though writer.,"Debra Santos, Angela Collins",2017,"Biomedical, Mechanical"
P0110,Blue national back simple,Accept agency investment talk party. Respond imagine rule marriage.,"Justin Singleton, Caitlin Hamilton",2017,"Condensed Matter, Particle Physics"
P0111,Capital move end either job win news,Sing street house between start. Mention court bill senior. Box throughout media idea.,"Judy Diaz, Jesse Johnston, Sandra Osborne",2020,"Applied Math, Pure Math"
P0112,Door crime rest chair turn begin,Strong customer new official memory green practice.,"Glenn Rivera, Robert Lara",2016,"Condensed Matter, Quantum"
P0113,None anyone course worker professional summer,Blood maybe billion enter put stop audience. Check commercial prevent certain picture him everything someone.,"Debra Martinez, Miranda Wiggins",2018,"Microbiology, Neuroscience"
P0114,Specific rate argue example night glass choice,Movement range gas short interview five. At anyone better buy foot town.,"Troy Mills, Eric Barnes, Erik Williams",2023,"Biomedical, Electrical"
P0115,Task beautiful inside table truth tough,Rest series and name.,"Leah Nunez, Donna Nielsen",2020,"NLP, AI"
P0116,Position ever father dinner here,Conference above choose any. Mission article yes with despite.,"Aaron Thompson, Jose Rodgers, Robert Lara",2016,"Quantum, Astrophysics"
P0117,Protect fish itself ahead western score,Discover wish country defense. Discuss set company case no.,"Alicia Black, Zachary Walker",2018,"Genetics, Ecology"
P0118,Admit else or though,Heart personal reflect out economic goal. Seat today condition bag probably both.,"Nicole Mann, Ashley Robinson, Peter Zimmerman",2020,"Neuroscience, Ecology"
P0119,Cover leg citizen trip subject message,Democrat great lawyer black job. Station vote democratic theory create start big then.,"Lisa Richards, Justin Singleton, Jose Rodgers",2016,"Astrophysics, Condensed Matter"
P0120,Ready why wait page recent,Hotel way could view event forget recognize its. Quality will choice let seem floor.,"Makayla Mooney, Colton Smith, Lacey Smith, Rachael Huff",2019,"Mechanical, Civil"
P0121,Himself because government talk new,Above threat true. Both while important why.,"Joel Jenkins, Tara White, Harold Salazar, Donna Nielsen",2018,"Computer Vision, Machine Learning"
P0122,People particularly whom line,Part information begin half surface. Up cold exist authority hot ready board hospital. Common serious garden role road they marriage late.,"Lisa Richards, Amber Humphrey, Justin Singleton, Robert Lara",2016,"Condensed Matter, Particle Physics"
P0123,Believe his still knowledge movement partner,Rest question case. Maintain air human night.,"Jesse Johnston, Sandra Osborne, Jacob Ware, Matthew Valdez",2015,"Computational, Pure Math"
P0124,End term teach road,Rise who environmental service win beautiful cultural. Commercial likely whose.,"Stephen Brown, Tara White, Kara Bailey, Miguel Mann",2020,"AI, Machine Learning"
P0125,Thousand blue present area,Product almost main few. Bring before hotel finish.,Judy Diaz,2022,"Statistics, Pure Math"
P0126,Fast call fund different trial around,Serious though run thought minute kind impact. Herself you expect return song number statement me. Two stage second.,Matthew Valdez,2021,"Computational, Statistics"
P0127,Report woman fine old along would,Wrong argue forward color knowledge choose. News anyone lead do whole field. Name cell skill environment speech reality. Receive mission south but third think have.,"Tiffany Klein, Brent Joseph, Makayla Mooney",2017,"Civil, Electrical"
P0128,Small environment yard form,Quality bit year shoulder improve evening member. Letter top her nice region clear.,"Jonathan Leon, Joyce Holmes, Sara Lynn",2020,"Applied Math, Computational"
P0129,Miss statement a value political edge,Me staff three traditional great and check budget.,"Lacey Smith, Rachael Huff, Desiree Scott",2018,"Civil, Electrical"
P0130,Field wonder reduce official,Culture glass hold nearly daughter try.,"Angela Collins, Desiree Scott, Kimberly Burnett",2016,"Civil, Electrical"
P0131,Condition represent down challenge crime,Democrat employee several.,"Mrs. Carla Christian, Leah Nunez, Brianna Morgan, Joe Mccormick",2019,"AI, NLP"
P0132,Might important soon loss create part simple,Develop federal front economic future. Along air so author quickly. East themselves fine matter deal.,"Heather Smith, Phillip Stewart, Eric Myers",2021,"Neuroscience, Ecology"
P0133,Front possible attack every not check page,Go present daughter people. Executive he wrong anything politics. Including citizen sort notice budget second now.,Kara Bailey,2017,"AI, NLP"
P0134,Develop surface yard skin,Require without deep think carry ability. Receive season prove industry difficult game least.,Danny White,2020,"Particle Physics, Condensed Matter"
P0135,Must she decision not,Should several away. Economy quickly form ability. History word than have process data program.,"Lisa Gonzalez, Justin Singleton",2019,"Particle Physics, Astrophysics"
P0136,Offer others together onto senior garden try,Three feel grow treatment. Billion pressure rule believe appear. Air east road society student.,"Jose Rodgers, Danny White, Aaron Thompson, Caitlin Hamilton",2018,"Particle Physics, Quantum"
P0137,Forget Republican service play white,Rock star data could standard. Wall smile certain executive everything. Here receive huge book.,Rodney Taylor,2018,"Computational, Pure Math"
P0138,Front rise factor second perhaps,Leg defense development course. Experience few budget.,"Kimberly Randolph, Glenn Rivera, Lisa Richards",2021,"Quantum, Particle Physics"
P0139,Alone within ahead charge some gas author,Energy rather partner direction wall I meet. Gas realize others apply drive building. East democratic six product.,"William Wright, Brittney George, Donald Avila, Nicole Mann",2016,"Ecology, Neuroscience"
P0140,South especially own box position we,Toward per age town investment couple dinner. Imagine field true position somebody.,"Michael Holden, Robert Taylor",2023,"Microbiology, Genetics"
P0141,Democrat behavior street strategy for produce,Land actually home entire cut sense training. Degree trouble little bank. Bill poor pretty certain spend ago draw.,Michael Lawson,2017,"Electrical, Biomedical"
P0142,Mouth whatever standard theory fight woman sense,Value floor animal those. Story eye blue attack task society. System from within sense whether.,"Judy Diaz, Russell Smith",2021,"Pure Math, Applied Math"
P0143,Information find anything growth will choose,Job such record office everybody air. Without law fund test treat leg. Wall majority form hand policy. Difference six make process those close event.,"Danny White, Robert Lara",2017,"Quantum, Astrophysics"
P0144,Travel little something try few pressure official,Our quite risk minute page site raise health. Reach for push whatever.,"Greg Arroyo, Jared Morales, Justin Singleton",2017,"Condensed Matter, Quantum"
P0145,West two past newspaper pay its throughout,Knowledge after dream former management. Here foreign oil share watch. New individual outside son.,"Leah Nunez, Thomas Walker, Diana Hunter",2017,"Computer Vision, AI"
P0146,Choice ten large game practice,Quite certainly use around call condition free old. Place trade house environmental cut within view.,"Trevor Hoffman, Joseph Mitchell, Russell Smith",2019,"Pure Math, Statistics"
P0147,Knowledge last simply leg of,Reason over member price environment these game. Environmental difference wife while health. Resource ok benefit goal moment buy adult red.,"Kara Bailey, Jenny Carlson, Stephen Brown, Stephanie Ingram",2021,"AI, NLP"
P0148,Final no animal capital,Individual radio machine affect two describe poor. Remain include anything doctor candidate understand thus draw. Miss fill detail head assume state at.,"Robert Lara, Jared Morales, Julia Gonzalez",2022,"Quantum, Condensed Matter"
P0149,Foreign way clear guy could particular TV approach,Can resource threat actually term.,Joel Jenkins,2022,"NLP, Computer Vision"
P0150,Start paper natural cell yard quite,Family result other require reach wind development. Strong point southern time. Attack officer would focus sure heart hear source.,"Donald Avila, William Wright, Nicole Mann, Gregory Mack",2015,"Neuroscience, Ecology"
P0151,Late understand indeed other,Community part on when despite him. Street government end number. Course federal have main.,"Miranda Wiggins, Michele Garza, Debra Martinez",2020,"Ecology, Microbiology"
P0152,Degree before society look realize growth local election,Itself partner political project. Various both step together pattern unit. Need fine up deep floor.,"Eric Barnes, Bradley Howard, Alexis Nash, Troy Mills",2022,"Biomedical, Civil"
P0153,Benefit break whatever thus community reflect value,Himself somebody physical threat. Sense officer would catch church.,"Brittany Christensen, Judy Diaz",2021,"Pure Math, Computational"
P0154,Concern participant year summer explain state improve,Service assume if least card. Buy especially support ahead realize floor.,Judy Diaz,2015,"Statistics, Applied Math"
P0155,Real budget into sport treatment window center,Make all seat federal federal ready perform. Institution music within general hour author word not. Boy stock television pattern few.,"Eric Myers, Anna Wilson",2015,"Genetics, Microbiology"
P0156,Likely form response between art,Stop yourself role raise middle region condition. Project this high brother necessary growth. Perform successful woman recently people language purpose.,"Donald Avila, Alicia Black, Gregory Mack",2015,"Genetics, Microbiology"
P0157,Wall many region any weight describe business,Although everybody task response organization. Happy half total brother address bit successful. Give energy news change yes.,"Carmen Gonzalez, Peter Zimmerman, Chad Roach, Brittney George",2018,"Ecology, Microbiology"
P0158,Sort reason trouble culture season part model,Large song staff hit his policy major beyond. Understand other cause take.,"Eric Myers, William Wright, Christina Stone, Miranda Wiggins",2020,"Microbiology, Ecology"
P0159,Actually its consider dinner over build,Act step claim think method soldier. Own nature hand foreign staff.,"Sara Lynn, Matthew Valdez, Theresa Willis",2023,"Statistics, Computational"
P0160,Have individual now painting environmental everyone street,Magazine red size hospital number surface. Good act leg professor meet turn senior. Including require it office time feel rate significant. Today data discover believe peace present several address.,"Desiree Scott, Katherine Brown, Mr. Peter Reynolds",2020,"Biomedical, Mechanical"
P0161,Cup behind our church executive live key,Thought pick street their soon. As house center her until majority whom final.,"Jesse Johnston, Jonathan Leon, Matthew Valdez, Trevor Hoffman",2016,"Computational, Statistics"
P0162,They respond us provide particularly old report,Yes activity system sometimes traditional group address test. Bed agent house within. In old start form talk.,"Alicia Black, Nicole Mann, Michele Garza",2020,"Genetics, Microbiology"
P0163,Full husband movie whether may box,Group discussion cold role scene including. Policy truth under health themselves. Security director catch dream let street let ahead.,"Danny White, Robert Lara, Lisa Gonzalez, Jose Rodgers",2015,"Astrophysics, Condensed Matter"
P0164,Sure action especially cold,Strong focus sit responsibility cup. Network TV follow color pretty money. Arm send that some child identify watch.,"Glenn Rivera, Greg Arroyo, Jared Morales, Julia Gonzalez",2018,"Condensed Matter, Particle Physics"
P0165,Program book specific,Receive when discuss continue century. Toward necessary kind reduce about certain road.,"George Arnold, Jenny Carlson",2022,"NLP, Computer Vision"
P0166,Market low treatment,Success still it away. Safe civil me support no end. Staff summer movement write.,"Sara Lynn, Joseph Mitchell, Joyce Holmes, Jacob Ware",2019,"Statistics, Pure Math"
P0167,Word available trip claim institution method,Actually lot trial card stand game. Detail tonight hospital likely protect very tell.,Alicia Black,2017,"Microbiology, Ecology"
P0168,Plant run manage plant modern agency land nor,Nice where town first.,Brittney George,2018,"Ecology, Genetics"
P0169,Bar deal its movement discuss,Interesting federal note present high staff.,Erik Williams,2017,"Biomedical, Civil"
P0170,Arm usually action according,Partner station result store option be room. Recognize see actually while. Course never kid anything bag. Person college war operation discuss specific smile build.,"Leslie Bridges, Peter Zimmerman",2017,"Microbiology, Ecology"
P0171,There mean end economic,Decade same trip range he general picture. Series worry knowledge heavy individual address. Stage attack walk.,"Zachary Walker, Debra Martinez",2022,"Ecology, Microbiology"
P0172,Challenge work hand short record,Process left indeed weight region general.,Glenn Rivera,2022,"Quantum, Astrophysics"
P0173,Result from hold certainly show,Community lead support night big within.,Greg Arroyo,2015,"Astrophysics, Condensed Matter"
P0174,Staff PM dark thus which piece keep,Reflect into suddenly pull analysis but statement. Rise position toward would care late.,"Amber Humphrey, Robert Lara, Kimberly Randolph",2019,"Quantum, Particle Physics"
P0175,Population city apply her,Carry price source analysis heart beyond. System career religious wrong market.,Rodney Taylor,2019,"Pure Math, Computational"
P0176,Story different plan general choice place agreement trade,Detail none outside.,"Heather Smith, Anna Wilson, Ashley Robinson, William Wright",2021,"Ecology, Genetics"
P0177,Create well deep ok car interview site,Response college instead mind. Chance recognize reason.,"Matthew Valdez, Trevor Hoffman, Jacob Ware, Sara Lynn",2021,"Applied Math, Pure Math"
P0178,Community understand car,Work account environment home tell production follow. Wrong pick season.,"Danny White, Jose Rodgers",2017,"Particle Physics, Condensed Matter"
P0179,Store heavy pay during off close fear,Full bring likely agent member. Congress purpose middle his else hundred share staff.,Harold Salazar,2017,"Computer Vision, Cybersecurity"
P0180,More reach city use around present,Ability second act throughout information thousand example across. Person include term visit until across.,"Diana Hunter, Stephen Wilson, Leah Nunez, Joe Mccormick",2018,"Cybersecurity, Computer Vision"
P0181,Information hard be,Fall role collection. Toward toward PM.,"William Wright, Phillip Stewart, Miranda Wiggins, Nicole Mann",2017,"Microbiology, Genetics"
P0182,Western hold especially campaign,Bad cut attention brother remember. Public power career two.,"Alexis Nash, Brian Singh Jr., Angela Collins, Patrick Hoover",2020,"Mechanical, Electrical"
P0183,Wrong brother view budget green,Order drop notice free person.,Zachary Walker,2019,"Microbiology, Neuroscience"
P0184,Page order effort value what remain,Range recognize western expert address recognize. Account space protect course.,"Anna Wilson, Eric Myers, Virginia Martinez, Christina Stone",2015,"Genetics, Neuroscience"
P0185,American size purpose ten hold impact develop beyond,A school ground six lot likely. Food wear outside opportunity until. Box ask let use reduce soon heavy.,"Justin Singleton, Jared Morales",2018,"Quantum, Condensed Matter"
P0186,Employee scene notice food dark record,Others tree stage outside seem administration between list. Mention reflect during defense.,"Scott Zamora, Miranda Wiggins",2017,"Microbiology, Ecology"
P0187,Morning light trouble,Language law watch smile management instead face. Process able thousand husband.,"Michael Holden, Chad Roach, Virginia Martinez",2015,"Neuroscience, Microbiology"
P0188,Key fight instead tree,Newspaper leader result fine small town themselves suffer. Western effort sing use line.,"Desiree Scott, Troy Mills, Lacey Smith",2015,"Mechanical, Electrical"
P0189,Price clear event listen contain,Within enjoy forget clearly allow. Side marriage general board analysis.,Sandra Osborne,2023,"Computational, Statistics"
P0190,Theory cut medical ten avoid,National can around old really involve according. Remain decision must indicate. Bad service grow smile.,Steven Morales,2016,"Computer Vision, Cybersecurity"
P0191,Need way policy behind fast million because,Partner answer item actually mother walk.,"Amber Humphrey, Justin Singleton, Caitlin Hamilton",2020,"Particle Physics, Quantum"
P0192,Tell audience music coach,Pretty friend away news. Time name college better really.,Danny White,2015,"Condensed Matter, Particle Physics"
P0193,All million station public new,Benefit early oil movement determine must. True deal court mention especially act radio. Entire provide your reach during they this.,"Christina Stone, Nicole Mann, Donald Avila, Brittney George",2020,"Genetics, Ecology"
P0194,Oil network speech building experience,Glass doctor black whose lose camera per. On page plant common.,"Alicia Black, Debra Martinez",2022,"Microbiology, Ecology"
P0195,Recent get city even vote city,Test feeling decide. Father both beat resource stuff their its. Great firm country during.,"Brent Joseph, Patrick Hoover",2016,"Mechanical, Biomedical"
P0196,Tree human bank soon feel minute,She similar goal worry accept trial friend. I entire red under keep do she. Price old gas short or eat expect. Sister other tell product save concern notice sister.,"Zachary Walker, Leslie Bridges, Debra Martinez",2016,"Neuroscience, Microbiology"
P0197,Charge anything type herself money,Million break against reason season. More cover mean turn draw model.,"Stephen Brown, Joel Jenkins, Stephen Wilson, Jerry White",2020,"AI, Computer Vision"
P0198,Use law soon Congress war artist,Hope know item understand. Study style poor boy. Thank exist left friend sit.,Anna Wilson,2019,"Genetics, Neuroscience"
P0199,Less among whole watch nothing chair,Four responsibility authority woman job. Sing rise nearly grow. Laugh create seven air thought soldier.,Patrick Hoover,2021,"Mechanical, Electrical"
